Trading Name,Trading Code,RIC,Mkt Cap ($M),Tot. Rev ($M),P/E,Yield (%),Sector,GTI Score
3Cnergy,502,CNER.SI,21.469,,,,Real Estate,59
5E Resources,NLC,,,,,,,
8Telecom,AZG,ETEL.SI,8.272,0.802,,,Technology Equipment,57
9R,1Y1,VIKO.SI,48.204,10.776,,,Energy - Fossil Fuels,
A-Smart,BQC,ASMA.SI,32.794,5.805,,,Industrial & Commercial Services,57
A-Sonic Aero,BTJ,ASON.SI,49.744,634.636,4.48,1.42,Transportation,64
ABR,533,ABRH.SI,90.448,74.625,36.09,2.22,Food & Beverages,63
Abterra,L5I,ABTR.SI,13.454,5.49,,,Energy - Fossil Fuels,-6
Abundance Intl,541,ABUN.SI,38.141,986.095,5.75,1.67,Industrial & Commercial Services,63
Abundante,570,TMCL.SI,15.122,8.237,5.36,6.9,Mineral Resources,54
Accrelist Ltd,QZG,ACCR.SI,14.275,211.172,,,Technology Equipment,
Ace Achieve Info,A75,ACEA.SI,5.875,38.036,,,Technology Equipment,42
Acesian Partners,5FW,ACES.SI,28.414,14.812,15.16,,Industrial & Commercial Services,57
Acma,AYV,ACMA.SI,1.865,51.746,,,Industrial Goods,61
AcroMeta,43F,ACRO.SI,8.73,29.103,100,,Industrial & Commercial Services,64
Addvalue Tech,A31,AVAU.SI,41.367,4.933,,,Technology Equipment,54
Advanced,BLZ,ADVA.SI,7.454,41.729,,,Energy - Fossil Fuels,89
Advanced Systems,5TY,ADSA.SI,22.324,18.99,,,Technology Equipment,56
Advancer Global,43Q,ADVN.SI,32.555,60.132,,10.7,Industrial & Commercial Services,80
Adventus,5EF,ADVE.SI,19.613,0,,,Real Estate,48
Aedge Group,XVG,AEDE.SI,28.09,,,3.77,Industrial & Commercial Services,
AEM SGD,AWX,AEM.SI,1358.456,565.462,13.94,1.74,Technology Equipment,68
AEM USD,XWA,,,,,,,
AF Global,L38,AFGL.SI,99.23,5.379,,,Cyclical Consumer Services,76
AGV,1A4,AGVG.SI,9.98,,,,Holding Companies,18
AIMS APAC Reit,O5RU,AIMA.SI,974.553,142.39,10.81,5.98,Real Estate,90.2
AIMS Property,BVP,APW.AX,49.063,16.006,3.34,,Real Estate,
Alita Resources,40F,ALIT.SI,121.451,70.592,,,Mineral Resources,48
Alliance HC,MIJ,ALLA.SI,35.133,51.907,15.14,1.36,Healthcare Services,57
Allied Tech,A13,ALLT.SI,19.812,102.895,,,Industrial Goods,71
AlphaDX,VVL,ALPH.SI,27.211,9.749,0.16,,Software & IT Services,
Alpina Holdings,ZXY,ALPI.SI,39.633,51.89,4.27,,Industrial & Commercial Services,
Alset,40V,ALSE.SI,150.187,26.182,,,Real Estate,83
Amara,A34,AMRA.SI,201.928,66.873,26.66,1.43,Cyclical Consumer Services,81
Amcorp Global,S9B,AMCO.SI,49.156,21.95,,,Real Estate,72
AMOS Group,49B,AMOS.SI,30.893,100.271,,,Industrial Goods,
Amplefield Ltd,AOF,AMPL.SI,19.814,3.121,48.89,,Real Estate,80
AMTD IDEA OV,HKB,,,,,,,
AnAn Intl,Y35,ANAN.SI,109.177,2659.775,15.83,,Energy - Fossil Fuels,32
Anchun Intl,BTX,ANIH.SI,15.13,22.442,,,Industrial Goods,58
AnnAik,A52,AAIK.SI,26.346,99.571,8.38,7.78,Mineral Resources,60
Annica,5AL,ANHL.SI,16.675,7.699,,,Energy - Fossil Fuels,47
Aoxin Q & M,1D4,AOXI.SI,89.358,32.967,,,Healthcare Services,83
AP Oil,5AU,AOIL.SI,28.299,55.614,10.32,5.81,Chemicals,75
AP Strategic,5RA,ASIC.SI,17.826,1.294,,,Cyclical Consumer Services,44
APAC Realty,CLN,APAC.SI,207.791,735.369,5.87,12.82,Real Estate,77
ARA HTrust USD,XZL,ARAU.SI,275.571,130.674,,0.73,Real Estate,78
Arion Ent,YYB,ARIO.SI,5.604,0.886,,,Cyclical Consumer Services,
Ascendas Reit,A17U,AEMN.SI,11376.39,1226.525,11.85,4.94,Real Estate,111.1
Ascendas-iTrust,CY6U,AINT.SI,1309.058,192.726,6.77,6.9,Real Estate,107.2
Ascent Bridge,AWG,ASCE.SI,103.594,16.939,16.21,,Mineral Resources,65
Ascott Trust,HMN,ASCO.SI,3747.009,394.412,12.18,3.7,Real Estate,
Asia Enterprises,A55,AEHL.SI,56.074,35.412,15.02,4.88,Mineral Resources,63
Asia Vets,5RE,ASIV.SI,9.499,3.066,,3.08,Healthcare Services,71
AsiaMedic,505,ASIM.SI,14.555,18.255,20.31,,Healthcare Services,66
Asian Healthcare,1J3,ASAI.SI,90.804,27.563,16.72,4.46,Healthcare Services,86
Asian Micro,585,AMHL.SI,9.349,4.54,,,Utilities,59
Asian Pay Tv Tr,S7OU,ASIA.SI,240.245,298.92,9.67,7.52,Cyclical Consumer Services,65.4
AsiaPhos,5WV,ASIP.SI,9.284,1.091,,,Chemicals,64
Asiatic,5CR,ATIC.SI,7.782,,,,Industrial Goods,49
ASL Marine,A04,ASLM.SI,37.355,215.245,,,Industrial Goods,60
Aspen,1F3,ASPE.SI,65.417,58.051,,,Real Estate,76
Aspial,A30,ASPA.SI,217.158,417.176,,7.5,Real Estate,34
Astaka,42S,ASTA.SI,167.957,,,,Real Estate,47
ASTI,575,ATIH.SI,19.095,54.281,,,Technology Equipment,68
Atlantic Nav,5UL,ATLA.SI,51.93,60.494,,,Energy - Fossil Fuels,57
Audience,1AZ,AUDI.SI,37.5,,,5.04,Cyclical Consumer Services,
AusGroup,5GJ,AUSG.SI,58.705,219.729,130.88,,Energy - Fossil Fuels,58
Avarga,U09,AVAR.SI,228.035,2435.405,3.03,3.5,Cyclical Consumer Products,86
Avi-Tech Hldg,1R6,,,,,,,
AVJennings A$,A05,AVJ.AX,203.115,313.397,9.51,5.8,Real Estate,
Axington,42U,,,,,,,84
Axington R,IXOR,,,,,,,
Axington R1,QPQR,AXIN.SI,37.161,0,,9.82,Industrial & Commercial Services,
Azeus,BBW,AZEU.SI,238.12,34.144,44.81,0.85,Software & IT Services,57
Aztech Gbl,8AZ,AZTE.SI,657.752,624.364,8.56,5.88,Industrial Goods,
B&M Hldg,CJN,BMHL.SI,25.924,3.149,,0.51,Banking & Investment Services,67
Baker Technology,BTP,BATE.SI,84.194,69.497,14.31,1.2,Energy - Fossil Fuels,80
Ban Leong,B26,BANL.SI,51.26,204.329,5.86,5.68,Technology Equipment,76
Banyan Tree,B58,BANY.SI,233.586,221.228,,,Cyclical Consumer Services,86
BBR,KJ5,BBRS.SI,39.615,179.954,24.6,2.46,Industrial & Commercial Services,61
Beng Kuang,BEZ,BENK.SI,12.949,53.031,,,Industrial & Commercial Services,71
Best World,CGN,BEST.SI,767.458,567.136,,,Personal & Household Products & Services,64
Beverly JCG,VFP,BEVE.SI,19.681,8.974,,,Healthcare Services,48
BH Global,BQN,BHGC.SI,51,46.841,10.27,2.94,Industrial Goods,50
BHG Retail Reit,BMGU,BHGR.SI,282.252,70.64,37.57,3.95,Real Estate,74
Biolidics,8YY,BIOL.SI,22.563,2.314,,,Healthcare Services,
BlackGoldNatural,41H,BLAC.SI,13.533,19.013,,,Energy - Fossil Fuels,66
Boldtek,5VI,BOLD.SI,15.208,67.724,18.94,,Real Estate,64
Bonvests,B28,BVHS.SI,391.479,134.414,31.97,0.77,Cyclical Consumer Services,62
Boustead,F9D,BTSS.SI,480.064,736.367,4.13,4.69,Industrial & Commercial Services,80
Boustead Proj,AVM,BOUS.SI,292.8,392.818,2.04,0.98,Industrial & Commercial Services,87
BRC Asia,BEC,BRCA.SI,466.401,1469.251,6.46,4.73,Cyclical Consumer Products,60
Broadway Ind,B69,BRWY.SI,87.776,471.41,5.7,5.38,Industrial Goods,31
Brook Crompton,AWC,BROO.SI,21.985,48.087,8.26,3.23,Industrial Goods,69
Bukit Sembawang,B61,BSES.SI,1307.502,556.552,7.73,0.79,Real Estate,68
Bumitama Agri,P8Z,BUMI.SI,1303.548,1148.112,8.03,5,Food & Beverages,51
Bund Center,BTE,BCIL.SI,387.85,83.638,31.12,5.88,Real Estate,36
Camsing Hc,BAC,CAMS.SI,31.749,8.585,,,Retailers,44
CapAllianz,594,CAPL.SI,16.967,3.332,0.89,,Energy - Fossil Fuels,59
Capital World,1D5,CAPI.SI,9.405,0.992,,,Real Estate,53
CapitaLandInvest,9CI,CAPN.SI,19824.176,2293,8.22,3.15,Real Estate,
CapLand China T,AU8U,CAPA.SI,1872.231,377.967,16.76,7.79,Real Estate,98.8
CapLand IntCom T,C38U,CMLT.SI,14850.206,1305.051,13.44,3.89,Real Estate,108.4
Captii,AWV,CAPT.SI,15.02,23.871,1.66,5.32,Telecommunications Services,33
Casa,C04,CASA.SI,15.737,19.021,6.68,6.67,Cyclical Consumer Products,62
CDL HTrust,J85,CDLT.SI,1605.13,157.724,23.7,2.61,Real Estate,85.5
CDW,BXE,CDWH.SI,71.292,197.77,20.21,5.76,Technology Equipment,82
Centurion,OU8,CNCL.SI,294.273,143.017,5.59,1.43,Real Estate,71
CFM,5EB,CFMH.SI,20.154,23.303,26.88,,Industrial Goods,56
CH Offshore,C13,CHOF.SI,48.959,21.428,,,Energy - Fossil Fuels,51
Challenger,573,CHAL.SI,220.968,283.161,10.95,5.09,Retailers,59
Charisma Energy,5QT,CHAR.SI,27.092,18.749,,,Utilities,52
Chasen,5NV,CHHL.SI,25.276,156.323,10.87,,Transportation,71
ChasWood Res,5TW,CHAS.SI,2.289,0.563,,,Cyclical Consumer Services,41
Chemical Ind,C05,CHEM.SI,55.44,67.445,,2.05,Chemicals,49
China Aviation,G92,CNAO.SI,747.516,24350.932,13.33,2.18,Transportation,78
China Env,5OU,CHEN.SI,31.774,1.204,,,Industrial & Commercial Services,59
China Env Res,RS1,1130.HK,107.937,83.187,,,Industrial & Commercial Services,
China Everbright,U9E,CEWL.SI,1662.848,1216.188,3.96,7.46,Utilities,69
China Fishery,B0Z,CNFG.SI,275.237,673.271,,,Food & Beverages,45
China Intl,BEH,CHNA.SI,12.107,26.492,,18.75,Industrial & Commercial Services,61
China Mining,BHD,CMIL.SI,18.998,1.689,1.07,,Real Estate,60
China Star Food,42W,CHIA.SI,31.786,59.272,61.66,,Food & Beverages,73
China Yuanbang,BCD,CYBP.SI,10.604,80.972,,,Real Estate,59
ChinaKangdaFood,P74,0834.HK,132.916,1777.598,,,Food & Beverages,56
ChinaKundaTech,GU5,CKUN.SI,6.099,7.032,,,Chemicals,61
ChinaSunsine,QES,CHSN.SI,427.21,766.689,4.05,2.3,Chemicals,
Chip Eng Seng,C29,CESE.SI,346.088,1115.399,,4.76,Real Estate,63
Choo Chiang,42E,CHOO.SI,75.92,79.375,8.85,5.48,Industrial Goods,59
Chuan Hup,C33,CHHS.SI,201.924,31.764,37.63,4.55,Real Estate,63
CityDev,C09,CTDM.SI,7283.503,2625.853,85.71,1.37,Real Estate,115
Civmec,P9D,CIVM.SI,325.82,737.365,7.9,3.08,Industrial & Commercial Services,78
Clearbridge,1H3,CLEA.SI,44.511,34.123,,,Healthcare Services,66
CNMC Goldmine,5TP,CNMC.SI,86.949,45.397,36.6,0.93,Mineral Resources,71
Colex,567,COLX.SI,27.83,42.532,,2.14,Industrial & Commercial Services,56
Combine Will,N0Z,CWIHx.SI,25.499,200.65,3.55,6.29,Cyclical Consumer Products,74
ComfortDelGro,C52,CMDG.SI,3164.474,3538.3,24.32,2.88,Transportation,100
Cordlife,P8A,CORD.SI,93.634,60.818,14.59,2.57,Healthcare Services,62
Cortina,C41,CORT.SI,713.643,587.462,14.16,0.46,Retailers,69
COSCO SHP SG,F83,COSC.SI,432.174,198.463,14.35,,Transportation,53
CosmoSteel,B9S,COSM.SI,42.979,39.361,18.2,5.07,Mineral Resources,88
Courage Inv,CIN,1145.HK,117.429,76.418,1.43,,Transportation,
Creative,C76,CREA.SI,163.672,98.146,,,Technology Equipment,41
CreditBureauAsia,TCU,CRED.SI,226.934,45.379,28.95,2.59,Industrial & Commercial Services,55
Cromwell Reit EUR,CWBU,,,,,,,
Cromwell Reit SGD,CWCU,CROM.SI,1124.784,200.122,11.39,8.48,Real Estate,
CSC,C06,CSCH.SI,50.237,248.611,20.9,,Industrial & Commercial Services,69
CSE Global,544,CSES.SI,242.552,468.661,16.17,5.85,Software & IT Services,98
Daiwa Hse Log Tr,DHLU,DAIW.SI,526.5,70.283,18.9,,Real Estate,
Darco Water Tech,BLR,DRWT.SI,12.104,54.314,,,Utilities,63
Dasin Retail Tr,CEDU,DASI.SI,238.204,101.311,,12.43,Real Estate,64.9
Datapulse Tech,BKW,DATA.SI,18.692,1.448,,,Real Estate,66
DBS,D05,DBSM.SI,79931.508,10185,11.82,4.47,Banking & Investment Services,109
Debao Property,BTF,DPDL.SI,9.587,57.851,,15.63,Real Estate,40
Del Monte Pac,D03,DMPL.SI,1196.489,3134.732,5.24,,Food & Beverages,105
Delfi,P34,DELF.SI,451.648,559.36,11.17,4.23,Food & Beverages,68
DFIRG USD,D01,DFIR.SI,3762.12,9015.4,36.55,,Food & Drug Retailing,
DigiCore Reit USD,DCRU,DIGT.SI,1121.639,101.287,35.17,,Real Estate,
Digilife Tech,BAI,DIGI.SI,26.163,241.746,,,Telecommunications Services,73
DISA,532,DISA.SI,30.32,26.285,,,Software & IT Services,34
Don Agro,GRQ,DONA.SI,37.568,30.944,3.64,3.41,Food & Beverages,
Dragon,MT1,DRGN.SI,1.396,3.102,,,Industrial Goods,64
Duty Free Intl,5SO,DUTY.SI,143.584,31.087,,,Transportation,58
Dyna-Mac,NO4,DMHL.SI,137.558,220.21,25.09,,Industrial Goods,74
Eagle HTrust USD,LIW,EAGL.SI,119.567,69.414,,,Real Estate,
EC World Reit,BWCU,ECWO.SI,485.903,126.837,28.69,10.19,Real Estate,68.3
Econ Healthcare,EHG,ECOE.SI,66.82,20.541,16.09,2.35,Healthcare Services,
EcoWise,5CT,ECOW.SI,75.357,35.566,,,Industrial & Commercial Services,78
Edition,5HG,EDIT.SI,17.663,0.211,,,Food & Beverages,68
Eindec,42Z,EIND.SI,7.001,16.835,,,Industrial & Commercial Services,62
EliteComREIT GBP,MXNU,ELIE.SI,306.511,34.731,,8.02,Real Estate,
Ellipsiz,BIX,ELPZ.SI,50.974,54.511,16.67,8.2,Technology Equipment,56
Emperador Inc.,EMI,,,,,,,
Eneco Energy,R14,ENEC.SI,17.368,39.491,,,Energy - Fossil Fuels,38
EnGro,S44,ENGR.SI,150.752,129.642,2.97,1.97,Mineral Resources,71
Envictus,BQD,ETIK.SI,31.343,119.84,,,Cyclical Consumer Services,51
Enviro-Hub,L23,EHHL.SI,93.513,40.423,30.05,,Industrial & Commercial Services,66
Epicentre,5MQ,EPHL.SI,2.946,-3.175,,,Retailers,54
ES,5RC,ESGL.SI,6.354,20.949,,,Industrial Goods,73
ESR-LOGOS REIT,J91U,ESRO.SI,2568.923,241.286,15.35,,Real Estate,89.6
ETC Singapore,1C0,EMER.SI,33.39,9.358,,,Real Estate,82
EuroSports Gbl,5G1,EURO.SI,41.075,45.827,,,Retailers,82
Excelpoint,BDF,EXCE.SI,225.722,2207.003,6.64,2.12,Technology Equipment,67
Ezra,5DN,EZRA.SI,32.825,725.017,,,Energy - Fossil Fuels,30
F & N,F99,FRNM.SI,1976.828,1900.588,16.15,3.68,Food & Beverages,71
Falcon Energy,5FL,FEGL.SI,23.667,40.638,,,Energy - Fossil Fuels,50
Far East,5TJ,FAEA.SI,12.93,83.085,,1.55,Industrial Goods,64
Far East HTrust,Q5T,FAEH.SI,1299.109,83.248,9.89,3.36,Real Estate,113.8
Far East Orchard,O10,FARE.SI,497.051,106.828,17.69,2.8,Cyclical Consumer Services,92
Federal Int,BDU,FEDL.SI,12.528,59.816,37.39,,Energy - Fossil Fuels,80
Figtree,5F4,FIGT.SI,13.657,15.347,,5.26,Real Estate,52
First Reit,AW9U,FRET.SI,574.254,102.346,7.22,9.26,Real Estate,66.8
First Resources,EB5,FRLD.SI,3299.786,1425.265,14.77,3.02,Food & Beverages,88
First Sponsor,ADN,FSCA.SI,1118.227,589.17,13.21,2.85,Real Estate,88
FJ Benjamin,F10,FJBN.SI,23.746,65.048,,,Retailers,59
Food Empire,F03,FEMP.SI,282.582,441.926,10.59,3.06,Food & Beverages,41
Forise Int,8A1,FOIL.SI,4.09,1.686,,,Industrial & Commercial Services,
FortressMinerals,OAJ,FORR.SI,223.19,59.876,11.23,2.22,Mineral Resources,67
Frasers Cpt Tr,J69U,FCRT.SI,3964.843,343.721,20.76,4.41,Real Estate,83.3
Frasers HTrust,ACV,FRHO.SI,1155.644,89.704,69.44,2.48,Real Estate,75.6
Frasers L&C Tr,BUOU,FRAE.SI,4988.982,473.297,5.45,5.58,Real Estate,107.4
Frasers Property,TQ5,FRPL.SI,4318.646,3881.163,6.65,1.82,Real Estate,87
Frencken,E28,FREN.SI,491.079,767.069,8.38,3.59,Industrial Goods,71
FSL Trust,D8DU,FSLT.SI,115.753,33.788,,70.38,Transportation,68.5
Fu Yu,F13,FUYU.SI,195.779,195.531,11.13,6.35,Industrial Goods,69
Fuji Offset,508,FOPS.SI,13.976,4.053,14.93,1.07,Industrial Goods,70
Full Apex,BTY,FULL.SI,18.137,204.309,,,Applied Resources,7
Fuxing China,AWK,FXCG.SI,12.396,157.725,1.02,,Cyclical Consumer Products,59
G Invacom,QS9,GLOB.SI,17.088,113.964,21.17,,Technology Equipment,81
G K Goh,G41,GKHS.SI,293.017,26.277,293.27,2.19,Banking & Investment Services,69
Gallant Venture,5IG,GLVT.SI,699.341,145.105,,,Automobiles & Auto Parts,73
GCCP,41T,GCCP.SI,19.138,1.868,,,Mineral Resources,54
GDS Global,5VP,GDSG.SI,4.704,12.991,,,Cyclical Consumer Products,70
Genting Sing,G13,GENS.SI,9312.4,1067.296,50.89,1.3,Cyclical Consumer Services,74
Geo Energy Res,RE4,GEOE.SI,683.578,886.256,2.75,21.65,Energy - Fossil Fuels,80
GHY Culture,XJB,GHYC.SI,601.324,83.319,154.27,0.18,Cyclical Consumer Services,
GKE,595,GKEC.SI,80.265,113.92,8.88,3.96,Transportation,66
Global Dragon,586,GLOL.SI,80.473,89.956,9.26,2.54,Real Estate,50
Global Inv,B73,GLNV.SI,262.024,22.005,16.4,5.26,Collective Investments,98
Global Palm Res,BLW,GPRL.SI,50.455,50.19,7.17,8.46,Food & Beverages,59
Global Testing,AYN,GTCL.SI,42.952,53.473,3.31,16.26,Technology Equipment,82
Golden Agri-Res,E5H,GAGR.SI,3501.919,14059.027,5.27,5.84,Food & Beverages,94
Golden Energy,AUE,GOLD.SI,1975.739,2587.566,11.17,,Energy - Fossil Fuels,64
Goodland,5PC,GLGP.SI,55.169,25.576,48.95,1.07,Real Estate,65
GP Industries,G20,GPEI.SI,318.029,1224.828,9.01,2.05,Industrial Goods,81
Grand Banks,G50,GBYL.SI,53.544,96.061,12.67,1.72,Cyclical Consumer Products,64
Grand Venture,JLB,GRAN.SI,291.789,116.256,14.6,1.16,Industrial Goods,75
Great Eastern,G07,GELA.SI,9532.646,19899.9,8.56,3.23,Insurance,108
Green Build,Y06,GREE.SI,3.942,3.369,3.25,,Industrial & Commercial Services,56
GRP,BLU,GRPS.SI,12.203,9.224,,,Automobiles & Auto Parts,53
GS Hldg,43A,GSHO.SI,33.83,5.964,,,Industrial & Commercial Services,37
GSH,BDX,GSHC.SI,345.981,95.78,,,Industrial & Commercial Services,82
GSS Energy,41F,GSSE.SI,37.812,117.488,6.16,,Industrial Goods,84
Guoan Intl,G11,0143.HK,387.448,168.839,,,Technology Equipment,
GuocoLand,F17,GUOC.SI,1857.896,986.88,9.52,3.82,Real Estate,96
GYP Properties,AWS,GYPP.SI,43.858,22.188,,,Real Estate,58
H2G Green,5AI,P5CA.SI,16.549,6.108,,,Cyclical Consumer Products,63
Hafary,5VS,HFRY.SI,86.11,130.095,7.43,7.5,Cyclical Consumer Products,82
Hai Leck,BLH,HLHL.SI,99.701,74.679,9.43,9.09,Energy - Fossil Fuels,48
Halcyon Agri,5VJ,HALC.SI,363.901,3396.275,66.63,,Automobiles & Auto Parts,97
Hatten Land,PH0,HATT.SI,62.506,1.536,,,Real Estate,35
Haw Par,H02,HPAR.SI,2479.323,141.18,22.51,2.68,Pharmaceuticals & Medical Research,99
HC Surgical,1B1,HCSU.SI,68.128,22.787,8.78,8.89,Healthcare Services,66
HealthBank,40B,HEAL.SI,7.4,0.02,,,Cyclical Consumer Services,84
Healthway Med,5NG,HEMC.SI,140.603,139.922,13.03,,Healthcare Services,100
Heatec Jietong,5OR,HTJT.SI,3.443,22.313,,,Cyclical Consumer Products,57
Heeton,5DP,HEET.SI,131.688,50.447,6.99,1.39,Real Estate,74
Hengyang Petro,5PD,HNYG.SI,49.782,,,,Energy - Fossil Fuels,50
HG Metal,BTG,HGMM.SI,48.326,142.267,3.9,10.81,Mineral Resources,46
HGH,5GZ,HGHH.SI,21.37,20.071,,,Mineral Resources,6
Hiap Hoe,5JK,HIAP.SI,353.545,93.688,16.53,0.67,Real Estate,92
Hiap Seng,510,HSEN.SI,6.308,118.445,,,Industrial & Commercial Services,62
Hiap Tong,5PO,HTCL.SI,20.64,69.306,10.06,,Banking & Investment Services,69
HL Global Ent,AVX,HLGE.SI,28.175,2.458,,,Cyclical Consumer Services,53
Ho Bee Land,H13,HBEE.SI,1948.246,347.693,5.57,3.61,Real Estate,54
Hock Lian Seng,J2T,HLSG.SI,135.708,168.615,5.4,4.72,Industrial & Commercial Services,55
Hoe Leong,H20,HLEC.SI,27.405,45.458,12.5,,Industrial Goods,49
Hong Fok,H30,HONG.SI,787.904,90.501,15.52,1.1,Real Estate,61
Hong Lai Huat,CTO,HONL.SI,47.124,16.727,5.12,2.2,Real Estate,73
Hong Leong Asia,H22,HLAA.SI,557.19,4932.589,9.34,2.68,Automobiles & Auto Parts,101
Hong Leong Fin,S41,HLSF.SI,1084.402,239.977,12.78,4.96,Banking & Investment Services,68
HongkongLand USD,H78,HKLD.SI,10653.612,2384.3,,4.67,Real Estate,
Hor Kew,BBP,HKEW.SI,13.277,56.813,3.3,,Industrial & Commercial Services,26
Hosen,5EV,HSNG.SI,18.194,68.166,7.54,3.57,Food & Drug Retailing,45
Hotel Grand,H18,HGCS.SI,739.426,123.063,52.41,1,Cyclical Consumer Services,43
Hotel Royal,H12,HTRS.SI,298.368,26.28,,0.84,Cyclical Consumer Services,61
Hotung Inv,BLS,HOTU.SI,224.165,47.611,7.07,10.84,Banking & Investment Services,29
HPH Trust SGD,P7VU,,,,,,,
HPH Trust USD,NS8U,HPHT.SI,2003.553,1687.702,9,8.1,Transportation,62.7
HPL,H15,HPPS.SI,1847.226,344.221,,1.13,Cyclical Consumer Services,42
HRnetGroup,CHZ,HRNE.SI,713.042,590.54,10.8,4.26,Industrial & Commercial Services,38
HS Optimus,504,HSOP.SI,16.142,15.233,,,Cyclical Consumer Products,67
Huationg Global,41B,HUAT.SI,16.051,170.441,2.68,,Industrial & Commercial Services,76
Hwa Hong,H19,HWHS.SI,248.332,10.124,43.23,2.63,Real Estate,66
Hyflux,600,HYFL.SI,182.879,150.18,,,Utilities,38
Hyphens Pharma,1J5,HYPH.SI,86.457,125.883,12.33,2.39,Pharmaceuticals & Medical Research,76
ICP Ltd,5I4,ICPL.SI,28.005,4.625,,,Cyclical Consumer Services,53
IFAST,AIY,IFAS.SI,1401.493,213.394,50.32,1,Financial Technology (Fintech) & Infrastructure,80
IFS Capital,I49,IFAC.SI,70.682,45.325,8.89,4.15,Banking & Investment Services,63
IHH,Q0F,IHHH.KL,57921.777,17131.764,32.57,0.91,Healthcare Services,
Imperium Crown,5HT,IMPE.SI,9.48,2.177,,,Real Estate,63
Inch Kenneth,I4R,IKEN.KL,176.715,32.66,,,Cyclical Consumer Services,
Incredible,RDR,INCR.SI,5.987,23.338,,,Technology Equipment,74
Indofood Agri,5JS,IFAR.SI,486.794,1842.67,6.64,2.35,Food & Beverages,70
Informatics,BOU,INFO.SI,3.724,6.936,,,Personal & Household Products & Services,56
InnoTek,M14,INTK.SI,125.795,173.58,10.28,3.92,Technology Equipment,85
Interra Resource,5GI,INTR.SI,25.359,16.511,7.55,,Energy - Fossil Fuels,68
Intl Cement,KUO,INTN.SI,160.573,181.429,6.1,,Mineral Resources,69
Intraco,I06,ITRS.SI,35.824,203.977,,,Industrial & Commercial Services,84
IPC Corp,AZA,IPCC.SI,11.088,4.17,,,Cyclical Consumer Services,49
IPS Securex,42N,IPSS.SI,23.328,13.633,29.81,,Industrial & Commercial Services,54
IREIT Global EUR,8U7U,,,,,,,
IREIT Global SGD,UD1U,IREI.SI,713.237,76.248,3.26,4.7,Real Estate,64
ISDN,I07,ISDN.SI,236.865,440.136,9.25,2.69,Industrial Goods,76
ISEC,40T,ISEC.SI,170.728,43.189,21.78,3.39,Healthcare Services,83
Isetan,I15,ISET.SI,139.012,85.804,64.47,0.89,Retailers,65
ISOTeam,5WF,ISOT.SI,31.353,107.322,,,Industrial & Commercial Services,57
iWOW Tech,NXR,IWOW.SI,58.851,41.681,12.05,,Technology Equipment,
IX Biopharma,42C,IXBI.SI,131.458,14.1,,,Pharmaceuticals & Medical Research,60
Jackspeed,J17,JACK.SI,41.229,0,,,Automobiles & Auto Parts,67
Jadason,J03,JADA.SI,13.069,42.782,,,Technology Equipment,64
Japan Foods,5OI,JPFD.SI,72.391,53.686,42.7,5.42,Cyclical Consumer Services,73
Japfa,UD2,JAPF.SI,1168.949,6598.679,9.59,1.75,Food & Beverages,71
Jardine C&C,C07,JCYC.SI,11467.638,24421.822,12.57,3.7,Automobiles & Auto Parts,105
Jason Marine,5PF,JMGL.SI,18.126,31.472,,4.39,Technology Equipment,68
Jasper Inv,FQ7,JASP.SI,8.708,0,,,Energy - Fossil Fuels,47
Jawala,1J7,JAWA.SI,13.135,7.602,21.84,2.68,Applied Resources,59
JB Foods,BEW,JBFO.SI,150.38,619.607,7.86,3,Food & Beverages,57
JEP,1J4,JEPH.SI,153.16,75.899,19.4,,Industrial Goods,58
JES Intl,EG0,JSIH.SI,32.036,0,,,Industrial Goods,12
Jiutian Chemical,C8R,JUTN.SI,212.483,515.832,2.37,8.13,Chemicals,23
JMH USD,J36,JARD.SI,38183.941,35862,8.3,3.76,Consumer Goods Conglomerates,
Joyas Intl,E9L,JIHL.SI,4.393,0.606,,,Banking & Investment Services,4
Jubilee,NHD,JLJH.SI,11.045,202.726,,,Industrial Goods,63
Jumbo,42R,JUMB.SI,183.443,81.79,,,Cyclical Consumer Services,64
Karin Tech,K29,KARI.SI,70.316,348.588,11.42,2.67,Technology Equipment,69
Katrina,1A0,KATR.SI,11.857,53.798,,,Cyclical Consumer Services,39
Kencana Agri,BNE,KCAL.SI,99.646,177.356,4.3,,Food & Beverages,57
Keong Hong,5TT,KEHO.SI,82.472,76.952,,,Industrial & Commercial Services,57
Kep Infra Tr,A7RU,KEPL.SI,2770.28,1575.019,83.84,6.81,Chemicals,76.7
KepPacOakReitUSD,CMOU,KPEL.SI,725.893,141.257,8.71,8.96,Real Estate,97.7
Keppel Corp,BN4,KPLM.SI,12270.56,8624.713,12.07,4.9,Consumer Goods Conglomerates,112
Keppel DC Reit,AJBU,KEPE.SI,3332.446,271.065,10.36,,Real Estate,75.5
Keppel Reit,K71U,KASA.SI,4354.615,216.606,18.57,4.5,Real Estate,81.6
Khong Guan,K03,KHON.SI,35.363,62.926,,1.46,Food & Beverages,51
Kim Heng,5G2,KIMH.SI,58.22,63.222,,,Energy - Fossil Fuels,46
Kimly,1D0,KIML.SI,475.001,238.642,11.51,3.68,Cyclical Consumer Services,74
King Wan,554,,,,,,,62
KingsmenCreative,5MZ,KMEN.SI,62.604,273.177,62.37,,Industrial & Commercial Services,73
Kitchen Culture,5TI,KCHL.SI,33.973,14.722,,,Retailers,40
Koda,BJZ,KODA.SI,51.141,106.221,5.04,1.61,Cyclical Consumer Products,71
Koh Bros,K75,KBRO.SI,66.138,252.621,9.03,,Industrial & Commercial Services,54
Koh Eco,5HV,KBEE.SI,109.895,180.576,44.83,,Industrial & Commercial Services,51
KOP,5I1,KOPL.SI,74.233,14.074,,,Cyclical Consumer Services,80
Kori,5VC,KORI.SI,17.757,18.3,15.11,,Industrial & Commercial Services,70
Koyo Intl,5OC,KOYO.SI,11.375,28.043,,0.86,Industrial & Commercial Services,70
KrisEnergy,SK3,KRIS.SI,46.801,62.67,,,Energy - Fossil Fuels,78
KS Energy,578,KSTL.SI,17.461,39.982,,,Energy - Fossil Fuels,49
KSH,ER0,KSHH.SI,193.71,232.302,18.91,5.88,Industrial & Commercial Services,77
KTL Global,EB7,KTLG.SI,40.36,0.706,,,Cyclical Consumer Services,57
KTMG,XCF,KTMG.SI,32.749,97.835,15.49,,Cyclical Consumer Products,64
Leader Env,LS9,LETL.SI,90.438,10.261,67.05,,Industrial & Commercial Services,63
Lendlease Reit,JYEU,LEND.SI,1722.638,76.233,27.78,5.36,Real Estate,88.8
Lendlease Reit A,W6TU,,,,,,,
Ley Choon,Q0X,LEYC.SI,22.587,95.528,2.09,,Industrial & Commercial Services,74
LHN,41O,LHNL.SI,126.773,120.977,4.46,5.16,Real Estate,88
LHN Logistics,GIH,LHNO.SI,3.559,,,,Transportation,
LHT,BEI,LHTH.SI,37.538,35.993,8.54,4.26,Applied Resources,80
Lian Beng,L03,LIBG.SI,264.88,694.302,10.7,2,Industrial & Commercial Services,66
LifeBrandz,1D3,LIFE.SI,8.241,0.052,,,Cyclical Consumer Services,29
Lincotrade,BFT,FBCH.SI,4.446,,,,Chemicals,79
Lion Asiapac,BAZ,LIAS.SI,29.603,24.945,,2.74,Mineral Resources,34
Lippo Malls Tr,D5IU,LMRT.SI,415.628,182.362,,6.67,Real Estate,84.7
Livingstone,PRH,LIVI.SI,46.877,,,,Healthcare Services,
Lonza,O6Z,LONN.S,39751.418,5409,58.99,0.56,Pharmaceuticals & Medical Research,
Lorenzo Intl,5IE,LRZI.SI,6.908,,,,Retailers,50
Low Keng Huat,F1E,LKH.SI,350.938,161.638,16.88,4.21,Industrial & Commercial Services,75
LS 2 Holdings,ENV,LS2H.SI,61.05,53.83,27.97,,Industrial & Commercial Services,
Lum Chang,L19,LUCS.SI,150.162,399.65,19.88,4.49,Industrial & Commercial Services,78
Luminor,5UA,LUMI.SI,15.177,5.57,,,Real Estate,80
Lung Kee Bermuda,L09,0255.HK,2305.622,2273.399,10.12,9.59,Industrial Goods,
Luxking,BKK,LUKG.SI,3.032,116.805,1.43,,Chemicals,63
LY Corp,1H8,LYCO.SI,43.579,59.343,,1.44,Cyclical Consumer Products,47
Magnus Energy,41S,MAGN.SI,13.231,12.206,,,Energy - Fossil Fuels,59
Man Oriental USD,M04,MOIL.SI,2565.356,316.9,,,Cyclical Consumer Services,
ManulifeReit USD,BTOU,MANU.SI,1051.738,185.099,24.34,8.91,Real Estate,79
Mapletree Ind Tr,ME8U,MAPI.SI,6478.662,610.063,14.68,4.88,Real Estate,86.9
Mapletree Log Tr,M44U,MAPL.SI,7700.158,678.55,9.7,5.09,Real Estate,92.1
Mapletree PanAsia Com Tr,N2IU,MACT.SI,6023.766,499.475,17.32,4.24,Real Estate,87.1
MarcoPolo Marine,5LY,MAPM.SI,99.189,52.632,5.03,,Transportation,42
Maruwa Yen1k,M12,5344.T,176919.594,54344,13.22,0.49,Technology Equipment,
Mary Chia,5OX,MARY.SI,6.733,,,,Personal & Household Products & Services,61
Matex Intl,M15,MATE.SI,8.416,20.925,,,Chemicals,71
Maxi-Cash Fin,5UF,MAXI.SI,172.895,225.703,11.62,23.77,Banking & Investment Services,63
MDR Limited,Y3D,MDRT.SI,63.495,189.644,12.35,,Retailers,
Medi Lifestyle,5TN,MEDL.SI,8.211,0.438,,,Healthcare Services,79
Medinex,OTX,MEDN.SI,31.49,11.61,7.59,7,Industrial & Commercial Services,77
Medtecs Intl,546,MTCS.SI,99.188,,,37.01,Healthcare Services,66
MegaChem,5DS,MEGA.SI,59.985,138.902,7.73,4.44,Chemicals,73
MeGroup,SJY,MEGR.SI,11.004,63.161,,4.14,Automobiles & Auto Parts,57
Memiontec Hldgs,TWL,MEMI.SI,196.636,45.645,387.93,0.23,Utilities,
Memories,1H4,MEMO.SI,9.963,2.893,,,Cyclical Consumer Services,
Mencast,5NF,MCHL.SI,13.446,51.283,2.04,,Energy - Fossil Fuels,58
Mercurius,5RF,MERC.SI,64.989,0,,,Real Estate,47
Mermaid Maritime,DU4,MMPC.SI,100.941,184.05,,,Energy - Fossil Fuels,49
Meta Health,5DX,META.SI,20.161,43.026,2.17,,Retailers,61
Metech Intl,V3M,METE.SI,29.402,16.905,,,Industrial & Commercial Services,77
Metis Energy,L02,METIS.SI,174.041,9.237,,,Utilities,49
Metro,M01,MTHL.SI,627.819,101.391,17.71,2.65,Retailers,83
Mewah Intl,MV4,MEWI.SI,580.551,6004.413,5.24,2.77,Food & Beverages,67
MFG Integration,M11,MITD.SI,13.234,11.343,,,Technology Equipment,72
Micro-Mechanics,5DD,MMEC.SI,430.999,79.639,23.02,3.87,Technology Equipment,106
Midas,5EN,MIDA.SI,374.869,,,,Mineral Resources,9
MindChamps,CNE,MIND.SI,47.112,62.709,19.54,,Personal & Household Products & Services,69
Miyoshi,M03,MIYO.SI,11.551,47.114,,,Technology Equipment,74
MM2 Asia,1B0,MM2A.SI,153.484,75.23,,,Cyclical Consumer Services,69
MoneyMax Fin,5WJ,MFSL.SI,88.45,199.217,4.47,4.75,Retailers,63
Mooreast,1V3,,,,,,,
Moya Asia,5WE,MOYA.SI,235.401,257.995,5.93,,Utilities,76
MS Hldgs,40U,MSHO.SI,8.953,15.009,6.12,18.52,Industrial & Commercial Services,62
MSC,NPW,MSCB.KL,1549.8,1160.131,9.63,1.9,Mineral Resources,
MSM Intl,5QR,MSML.SI,5.216,20.102,,,Industrial Goods,71
MTQ,M05,MTLS.SI,47.555,47.947,,2.27,Energy - Fossil Fuels,72
Multi-Chem,AWZ,MCHE.SI,167.577,603.64,6.71,5.97,Technology Equipment,68
Mun Siong Engg,MF6,MSEL.SI,26.751,74.646,41.07,0.87,Industrial & Commercial Services,63
Murata Yen1k,PJX,6981.T,5474771.5,1812521,16.5,1.6,Industrial Goods,
MYP,F86,MYPL.SI,117.843,16.754,,,Real Estate,66
Nam Cheong,N4E,NMCG.SI,32.107,89.744,,,Industrial Goods,66
Nam Lee Metal,G0I,NLPM.SI,86.529,198.687,5.47,4.23,Cyclical Consumer Products,61
Nanofilm,MZH,NANO.SI,1572.36,246.694,25.23,0.84,Chemicals,
Natural Cool,5IF,NCHL.SI,7.513,147.953,,4.67,Industrial & Commercial Services,86
NauticAWT,42D,NAUT.SI,6.353,0,,,Mineral Resources,54
NeraTel,N01,NERA.SI,31.847,102.609,,5.68,Technology Equipment,82
Net Pacific Fin,5QY,NPFH.SI,12.516,0.583,134,,Banking & Investment Services,74
NetLink NBN Tr,CJLU,NETL.SI,3896.971,377.611,42.7,5.13,Telecommunications Services,109.4
New Silkroutes,BMT,NEWS.SI,15.765,44.296,,,Healthcare Services,60
New Toyo,N08,NTYO.SI,83.93,234.199,10.34,7.85,Applied Resources,67
New Wave,5FX,NEWW.SI,12.092,20.949,,,Mineral Resources,68
Nico Steel,5GF,NICO.SI,5.035,28.832,,,Mineral Resources,63
NIO Inc. USD OV,NIO,,,,,,,
Nippecraft,N32,NIPP.SI,13.594,193.495,30.46,,Applied Resources,77
No Signboard,1G6,NOSI.SI,14.334,7.904,,,Cyclical Consumer Services,57
Noble,CGP,NOBG.SI,104.301,6830.453,,,Industrial & Commercial Services,8
Noel Gifts Intl,543,NOEL.SI,22.545,19.533,16.67,1.36,Retailers,72
Nomura Yen1k,N33,8604.T,1547906.375,1593999,10.51,4.6,Banking & Investment Services,
Nordic,MR7,NRGL.SI,160,103.065,11.19,3.47,Industrial & Commercial Services,65
Novo Tellus SPAC,NTA,NOVO.SI,46.8,,,,Holding Companies,
NSL,N02,NATS.SI,313.789,259.645,64.52,5.95,Mineral Resources,53
NutryFarm,AZT,NUTR.SI,11.589,102.746,,,Food & Beverages,43
OCBC Bank,O39,OCBC.SI,52507.379,7425,10.87,4.56,Banking & Investment Services,115
Ocean Sky Intl,1B6,OCEA.SI,16.794,23.625,24.68,,Industrial & Commercial Services,80
Oceanus,579,OCGL.SI,409.077,140.37,55.17,,Food & Beverages,46
OEL,584,OELH.SI,7.47,0.319,,,Healthcare Services,79
Oiltek,HQU,OILT.SI,29.02,29.181,8.04,,Food & Beverages,
OIO,KUX,OIOH.SI,50.55,5.022,,,Financial Technology (Fintech) & Infrastructure,35
OKH Global,S3N,OKHG.SI,25.959,16.192,6.22,,Industrial & Commercial Services,79
OKP,5CF,OKPH.SI,57.06,90.035,37.53,3.78,Industrial & Commercial Services,63
Olam Group,VC2,,,,,,,
Old Chang Kee,5ML,OCKL.SI,80.714,75.66,13.52,3.01,Cyclical Consumer Services,82
Olive Tree,1H2,OLIV.SI,6.61,2.654,,,Real Estate,72
OneApex,5SY,ONEA.SI,8.45,1.248,,,Real Estate,65
Ossia Intl,O08,OSSA.SI,29.305,22.687,6.29,8.62,Retailers,38
OTS Holdings,OTS,OTSH.SI,49.22,36.132,46.28,3.04,Food & Beverages,
OUE,LJ3,OVES.SI,1246.598,300.806,14.2,1.53,Real Estate,62
OUE Com Reit,TS0U,OUEC.SI,2154.467,249.884,64.97,5.83,Real Estate,73.3
OUE Lippo HC,5WA,OUEL.SI,155.51,19.665,1.4,,Healthcare Services,87
Ouhua Energy,AJ2,OUEH.SI,24.115,733.424,3.55,,Energy - Fossil Fuels,53
Overseas Edu,RQ1,OVER.SI,95.534,74.564,15.08,5.65,Academic & Educational Services,75
Oxley,5UX,OXHL.SI,742.479,1364.171,13.89,1.44,Real Estate,71
OxPay Financial,TVV,OXPA.SI,47.937,17.544,,,Industrial & Commercial Services,
Pacific Andes,P11,PACF.SI,186.575,1134.662,,,Food & Beverages,50
Pacific Century,P15,PCEN.SI,1046.019,28.709,17.82,9.27,Holding Companies,67
Pacific Radiance,T8V,PACI.SI,76.661,65.173,,,Energy - Fossil Fuels,87
Pacific Star Dev,1C5,PACS.SI,22.207,3.512,,,Real Estate,58
Pan Hong,P36,PANH.SI,73.58,94.566,2.79,10.56,Real Estate,60
PanUnited,P52,PANU.SI,287.818,586.872,15.34,3.9,Mineral Resources,87
Parkson Retail,O9E,PRAL.SI,23.028,135.262,1.37,,Retailers,62
ParkwayLife Reit,C2PU,PWLR.SI,2952.412,120.705,8.9,2.47,Real Estate,95.4
Pavillon,596,PAVI.SI,12.408,9.362,,,Cyclical Consumer Services,53
PEC,IX2,PECL.SI,149.593,399.111,6.27,4.27,Energy - Fossil Fuels,77
Pegasus SPAC,PGS,PEGA.SI,143.157,,,,Holding Companies,
Penguin Intl,BTM,PGUN.SI,133.203,132.649,10.51,3.72,Transportation,92
Pharmesis Intl,BFK,PHAR.SI,2.228,10.861,9.25,,Pharmaceuticals & Medical Research,68
PlatoCapital,YYN,PLAT.SI,12.665,1.064,,,Software & IT Services,
PNE Industries,BDA,PNEI.SI,66.714,64.644,,6.29,Industrial Goods,49
Polaris,5BI,POLA.SI,51.16,54.227,300,,Retailers,66
Pollux Prop,5AE,PLPS.SI,71.746,9.127,18.06,,Real Estate,64
Powermatic Data,BCY,PMDS.SI,100.248,27.03,12.76,2.68,Technology Equipment,69
Prime US ReitUSD,OXMU,PRIE.SI,856.616,156.741,11.8,9.41,Real Estate,63.3
Procurri,BVQ,PROC.SI,125.626,249.628,28.26,,Software & IT Services,88
Progen,583,POGN.SI,14.839,3.946,,,Industrial & Commercial Services,64
PropNex,OYY,PROP.SI,621.6,978.543,10.51,7.44,Real Estate,90
Prudential USD,K6S,PRU.L,26603.365,21268.105,14.37,1.36,Insurance,
PSC Corporation,DM0,PSCC.SI,228.399,533.269,11.31,1.88,Applied Resources,87
Q&M Dental,QC7,QMDT.SI,482.933,208.619,17.12,6.47,Healthcare Services,89
QAF,Q01,QAFS.SI,488.978,558.976,22.01,5.88,Food & Beverages,74
Qian Hu,BCV,QIAN.SI,22.478,80.003,13.08,1.52,Food & Beverages,103
Quantum Health,V8Y,,,,,,,
Raffles Edu,NR7,RLSE.SI,93.341,102.514,,,Academic & Educational Services,67
Raffles Infrastructure,LUY,RAFL.SI,4.887,6.54,4.57,,Industrial & Commercial Services,70
Raffles Medical,BSL,RAFG.SI,2100.75,723.791,24.97,1.61,Healthcare Services,92
RE&S Hldg,1G1,RESH.SI,74.34,128.534,13.73,8.1,Cyclical Consumer Services,91
Reclaims Global,NEX,RECL.SI,15.72,36.484,3.24,8.33,Industrial & Commercial Services,86
Reenova Investment,5EC,REEN.SI,20.698,0,,,Banking & Investment Services,66
Regal Intl,UV1,REGI.SI,25.605,19.358,,,Real Estate,49
Renaissance United,I11,RENA.SI,6.181,67.932,,,Utilities,35
Resources Gbl,QSD,RESU.SI,103.5,133.328,6.98,0.87,Energy - Fossil Fuels,
Revez,RCU,REVE.SI,20.1,7.529,,,Software & IT Services,
Rex Intl,5WH,REXI.SI,365.378,218.805,3.9,1.79,Energy - Fossil Fuels,94
RH PetroGas,T13,RHPG.SI,194.231,113.859,5.3,,Energy - Fossil Fuels,75
RHT HealthTrust,RF1U,RHTH.SI,15.996,0,,,Real Estate,46.2
Rich Capital,5G4,RICH.SI,22.47,,,,Real Estate,56
Riverstone,AP4,RVHL.SI,1080.409,966.709,2.43,16.73,Healthcare Services,74
Sabana Reit,M1GU,SABA.SI,486.964,81.913,9.73,5.63,Real Estate,61.1
Sakae,5DO,SAKA.SI,15.336,18.441,8.74,11.11,Cyclical Consumer Services,73
Samko Timber,E6R,SAMT.SI,49.752,369.608,,,Applied Resources,85
SamuderaShipping,S56,SAMU.SI,379.703,727.582,2.13,1.76,Transportation,80
Samurai 2K,Y8E,SAMR.SI,109.312,34.695,19.62,2.63,Chemicals,
Sanli Env,1E3,SANL.SI,21.129,62.623,18.66,0.9,Industrial & Commercial Services,71
Santak,580,SATK.SI,5.917,11.131,,,Industrial Goods,72
Sapphire,BRD,SAPP.SI,28.901,99.115,,,Industrial & Commercial Services,64
Sarine Tech,U77,SARI.SI,157.003,85.764,6.88,6.24,Industrial Goods,79
Sasseur Reit,CRPU,SASS.SI,1002.208,134.85,8.09,8.89,Real Estate,86.9
SATS,S58,SATS.SI,4957.088,1098.997,444.11,1.36,Transportation,128
SBI Offshore,5PL,SBIO.SI,9.726,0,,,Energy - Fossil Fuels,68
SBS Transit,S61,SBVV.SI,901.29,1310.842,17.45,2.84,Transportation,107
Second Chance,528,SECD.SI,203.815,36.279,17.87,2.27,Retailers,59
Secura,43B,SECU.SI,27.2,37.269,11.15,5.88,Industrial & Commercial Services,78
Sembcorp Ind,U96,SCIL.SI,5058.76,7795,18.37,1.77,Utilities,111
Sembcorp Marine,S51,SCMN.SI,3013.354,1862.215,,,Industrial Goods,98
Sen Yue,5BS,SENY.SI,22.443,175.106,,,Mineral Resources,58
Serial System,S69,SERL.SI,110.515,1236.959,7.12,5.45,Industrial Goods,93
Seroja Inv,IW5,SERO.SI,31.647,0,,,Transportation,70
Sevens Atelier,5EW,PANA.SI,18.85,22.24,,,Utilities,73
SGX,S68,SGXL.SI,10362.782,1056.755,25.07,3.31,Banking & Investment Services,118
Shanaya,SES,SHAA.SI,12.635,,,,Industrial & Commercial Services,
Shanghai Turbo,AWM,SHTU.SI,5.639,12.875,,,Industrial Goods,49
Shangri-La HKD,S07,0069.HK,19608.574,9739.008,,,Cyclical Consumer Services,
Shen Yao,A78,SHEY.SI,67.412,89.191,,,Mineral Resources,57
Sheng Siong,OV8,SHEN.SI,2285.376,1390.168,16.77,4.08,Food & Drug Retailing,70
Shenshan,BKV,CHIS.SI,30.295,37.522,11.62,,Food & Beverages,53
Shopper360,1F0,SHOP.SI,13.137,45.983,8.43,7.76,Cyclical Consumer Services,73
SHS,566,SEEH.SI,111.57,55.2,,,Industrial & Commercial Services,80
SIA,C6L,SIAL.SI,16019.184,7614.8,,,Transportation,96
SIA Engineering,S59,SIAE.SI,2810.291,566.131,41.65,2,Transportation,101
SIIC Environment,BHK,SIIC.SI,527.315,1529.236,3.55,7.32,Utilities,63
Silkroad Nickel,STP,SILK.SI,107.531,36.865,33.35,,Mineral Resources,79
Silverlake Axis,5CP,SLVX.SI,854.178,212.095,15.77,1.63,Financial Technology (Fintech) & Infrastructure,100
Sim Leisure,URR,SIMI.SI,27.01,5.549,,,Cyclical Consumer Services,47
Sin Heng Mach,BKA,SIHM.SI,48.253,53.73,12.68,2.38,Industrial Goods,63
Sinarmas Land,A26,SINA.SI,932.61,895,5.99,0.44,Industrial & Commercial Services,82
Sincap,5UN,SINC.SI,17.172,5.053,,,Energy - Fossil Fuels,39
Sing Inv & Fin,S35,SINV.SI,228.558,73.392,7.27,5.52,Banking & Investment Services,109
Sing Paincare,FRQ,SINR.SI,35.925,14.402,9.01,3.75,Healthcare Services,
SingaporeKitchen,5WG,SING.SI,9.145,26.353,3.6,,Cyclical Consumer Products,75
SingaporeLandGrp,U06,SIND.SI,3581.667,607.141,10.81,1.4,Real Estate,75
SingHoldings,5IC,SHDS.SI,156.388,121.73,15.9,2.56,Real Estate,75
SingMedical,5OT,SMGL.SI,148.418,100.84,9.46,2.13,Healthcare Services,73
SingPost,S08,SPOS.SI,1564.409,1665.579,22.03,1.62,Transportation,113
SingShipping,S19,SSHP.SI,113.08,61.427,8.67,1.75,Industrial Goods,71
Singtel,Z74,STEL.SI,44424.367,15871.9,42.72,2.57,Telecommunications Services,118
Singtel 10,Z77,,,,,,,
Sinjia Land,5HH,SINJ.SI,14.212,0.398,,,Cyclical Consumer Services,76
Sino Grandness,T4B,SOGF.SI,23.434,603.955,,,Food & Beverages,42
SinoCloud,5EK,SINL.SI,15.754,1.237,,,Software & IT Services,32
Sinostar Pec,C9Q,SNSR.SI,153.397,970.66,3.14,2.5,Energy - Fossil Fuels,65
Sitra,5LE,SITR.SI,19.283,26.621,,,Applied Resources,82
SLB Dev,1J0,SLBD.SI,100.43,63.235,5.06,0.91,Real Estate,66
SMI Vantage,Y45,SMIV.SI,20.198,,,,Banking & Investment Services,65
Soilbuild Const,S7P,SOIL.SI,57.204,258.28,,7.35,Industrial & Commercial Services,83
Soon Lian,5MD,SNLN.SI,21.06,53.575,3.38,,Mineral Resources,78
Soup Holdings,5KI,SOUP.SI,25.372,29.631,30.25,2.35,Cyclical Consumer Services,72
Southern Arch,A33,SOUE.SI,55.142,3.904,,,Real Estate,31
Southern Pkg,BQP,SOUT.SI,44.243,158.302,15.32,0.71,Applied Resources,66
SouthernAlliance,QNS,SOUH.SI,314.648,104.686,8.64,2.46,Mineral Resources,
SP Corp,AWE,SPPS.SI,21.059,50.269,,,Retailers,74
Spackman,40E,SPAC.SI,7.734,20.618,4.56,,Cyclical Consumer Services,79
SPHREIT,SK6U,SPHR.SI,2664.896,278.857,14.79,,Real Estate,85.8
Spindex Ind,564,SNEX.SI,118.826,214.548,5.79,4.37,Industrial Goods,68
Spura Finance,S23,SBDS.SI,130.122,29.623,13.53,2.44,Banking & Investment Services,88
Sri Trang Agro,NC2,STA.BK,36556.801,114695.703,3.21,17.44,Automobiles & Auto Parts,61
Sri Trang Gloves,STG,STGT.BK,54688.293,39235.582,3.72,24.35,Healthcare Services,
ST Engineering,S63,STEG.SI,12521.206,7692.865,22.04,3.49,Industrial Goods,90
ST Group Food,DRX,STGR.SI,28.689,43.336,22.07,1.44,Cyclical Consumer Services,69
Stamford Land,H07,SFLD.SI,572.379,156.69,13.51,1.26,Cyclical Consumer Services,82
Stamford Tyres,S29,STAS.SI,41.543,186.368,29.31,7.14,Automobiles & Auto Parts,74
StarhillGbl Reit,P40U,STHL.SI,1287.441,183.838,21.32,5.68,Real Estate,85.6
StarHub,CC3,STAR.SI,2131.753,2042.6,15.19,5.2,Telecommunications Services,93
Straco,S85,STRA.SI,343.227,41.911,29.19,2.53,Cyclical Consumer Services,75
Straits Trading,S20,STCM.SI,1323.992,637.987,5.3,2.62,Mineral Resources,64
SunMoonFood,AAJ,SMFC.SI,24.984,37.732,,,Food & Beverages,67
Sunpower,5GD,SUNP.SI,313.882,597.336,5.4,0.76,Industrial Goods,63
Sunright,S71,SNRT.SI,44.21,104.471,,0.83,Technology Equipment,54
Sunrise Shares,581,SUNR.SI,9.002,0.577,143.33,,Real Estate,58
Suntar Eco-City,BKZ,SECL.SI,7.709,2.217,462.67,,Pharmaceuticals & Medical Research,70
Suntec Reit,T82U,SUNT.SI,5080.367,358.069,10.97,4.52,Real Estate,83.2
SUTL Enterprise,BHU,SUTL.SI,40.454,20.353,8.12,4.3,Cyclical Consumer Services,72
Swiber,BGK,SWBR.SI,51.246,1186.62,,,Energy - Fossil Fuels,35
Swing Media Tech,BEV,SWMT.SI,26.16,200.122,,,Cyclical Consumer Services,50
Sysma,5UO,SYSM.SI,43.065,55.813,8.75,7.83,Industrial & Commercial Services,52
TA,PA3,TACO.SI,35.747,218.171,,,Real Estate,63
Tai Sin Electric,500,TAIS.SI,178.251,338.57,23.12,5.84,Industrial Goods,78
Taka Jewellery,42L,TAKA.SI,34.496,97.958,12.63,,Retailers,88
TalkMed,5G3,TALK.SI,508.991,60.746,20.34,4.16,Healthcare Services,79
Tat Seng Pkg,T12,TASE.SI,113.184,367.513,4.85,5.56,Applied Resources,75
TC Auto,VI2,TRAS.SI,116.711,929.384,6.1,2.75,Automobiles & Auto Parts,
TCIL HK$,T15,0693.HK,3825.287,11864.957,10.12,3.42,Retailers,
TEE Intl,M1Z,TEEI.SI,20.741,81.108,,,Industrial & Commercial Services,34
Teho Intl,5OQ,TEHO.SI,6.121,54.936,2.62,,Industrial Goods,77
TeleChoice Intl,T41,TCIN.SI,59.075,194.35,,0.96,Technology Equipment,89
ThaiBev,Y92,TBEV.SI,17659.51,10109.1,16.6,2.58,Food & Beverages,56
Thakral,AWI,THAK.SI,82.442,127.796,4.78,6.35,Real Estate,82
The Place Hldg,E27,THEP.SI,441.049,1.18,,,Cyclical Consumer Services,50
TheHourGlass,AGS,HRGS.SI,1614.477,925.517,13.93,2.62,Retailers,76
Thomson Medical,A50,THOS.SI,2088.844,269.137,112.86,0.19,Healthcare Services,62
TIH,T55,TIHL.SI,56.796,16.033,5.17,4.26,Collective Investments,67
Tiong Seng,BFI,TISE.SI,61.59,293.386,,1.87,Industrial & Commercial Services,68
Tiong Woon,BQM,TION.SI,123.085,121.44,8.72,0.57,Industrial Goods,71
TJ DaRenTang USD,T14,TIAN.SI,1960.725,1038.976,7.21,,Pharmaceuticals & Medical Research,76
Top Glove,BVA,TPGC.KL,11900.299,9271.045,4.22,29.59,Healthcare Services,
Tosei,S2D,8923.T,54623.223,62940.574,7.3,3.39,Real Estate,
Totm Tech,42F,TOTM.SI,122.3,13.404,,,Financial Technology (Fintech) & Infrastructure,63
Travelite,BCZ,TRHL.SI,5.68,20.354,,,Retailers,60
Trek 2000 Intl,5AB,TRKL.SI,25.399,51.55,,,Technology Equipment,51
Trendlines,42T,THET.SI,86.805,3.177,9.1,,Banking & Investment Services,92
TrickleStar,CYW,TRIC.SI,16.402,15.586,,1,Industrial Goods,65
Tritech,5G9,TTGL.SI,34.506,27.813,,,Industrial & Commercial Services,65
Triyards,RC5,TRIY.SI,27.823,160.448,,,Energy - Fossil Fuels,46
TSH,KUH,TSHC.SI,4.968,5.168,,,Cyclical Consumer Services,
TT Intl,T09,TINL.SI,14.916,32.718,,,Retailers,37
TTJ,K1Q,TTJH.SI,59.15,83.56,21.42,4.73,Industrial & Commercial Services,56
Tuan Sing,T24,TSHS.SI,467.363,245.341,5.45,1.82,Real Estate,101
Tung Lok Rest,540,TGLK.SI,33.751,57.464,,,Cyclical Consumer Services,62
Tye Soon,BFU,TYES.SI,37.96,225.33,8.5,1.95,Automobiles & Auto Parts,51
UGHealthcare,8K7,UGHE.SI,137.242,296.262,1.59,1.85,Healthcare Services,
UMS,558,UMSH.SI,771.116,271.22,14.44,4.17,Technology Equipment,76
Uni-Asia Grp,CHJ,UAFC.SI,92.002,95.869,3.66,4.24,Real Estate,89
Union Gas,1F2,UNIO.SI,217.569,123.04,12.84,2.63,Utilities,83
Union Steel,BLA,UNIS.SI,27.565,82.425,3.1,,Mineral Resources,69
United Food,AZR,UTDF.SI,8.069,1.163,,,Food & Beverages,28
Universal Res,BGO,UNIV.SI,4.185,0.01,,,Energy - Fossil Fuels,41
UnUsUaL,1D1,UNUS.SI,139.968,0.684,,,Cyclical Consumer Services,80
UOA,EH5,UOS.AX,309.466,283.79,11.8,2.16,Real Estate,
UOB,U11,UOBH.SI,48065.672,8204,11.97,4.21,Banking & Investment Services,114
UOB Kay Hian,U10,UOKH.SI,1295.109,627.028,8.37,5.87,Banking & Investment Services,66
UOI,U13,UOIS.SI,406.681,49.939,15.3,2.56,Insurance,75
UOL,U14,UTOS.SI,5970.391,2606.836,19.42,2.12,Real Estate,96
USP Group,BRS,USPG.SI,4.514,39.675,,,Energy - Fossil Fuels,29
UtdHampshReitUSD,ODBU,UNIE.SI,338.772,58.222,7.27,9.83,Real Estate,
V2Y Corp,V2Y,V2YC.SI,11.324,1.089,,,Insurance,71
Vallianz,WPC,VHLD.SI,61.295,62.268,,,Transportation,64
ValueMax,T6I,VAMG.SI,240.985,275.512,5.42,5.45,Retailers,82
Valuetronics,BN2,VLUE.SI,229.076,401.419,6.95,6.49,Technology Equipment,77
VCPlus,43E,VCPL.SI,67.564,0.198,,,Mineral Resources,79
Venture,V03,VENM.SI,5032.438,3107.457,16.12,4.35,Technology Equipment,90
Versalink,40N,VERS.SI,6.415,11.847,,,Industrial & Commercial Services,67
Vertex SPAC,VT1,,,,,,,
Vibrant Group,BIP,VIBR.SI,62.816,182.568,14.17,1.11,Transportation,70
VibroPower,BJD,VIBO.SI,3.664,16.053,1.62,,Utilities,73
VICOM Ltd,WJP,VCOM.SI,723.319,100.892,29.18,3.08,Industrial & Commercial Services,
Vicplas Intl,569,VICP.SI,104.865,120.676,10.21,2.2,Healthcare Services,62
Vividthree,OMK,VIVI.SI,15.975,2.919,,,Cyclical Consumer Services,68
Watches.com Ltd,WVJ,WATC.SI,5.223,25.695,,,Retailers,
Wee Hur,E3B,WHHL.SI,179.696,200.375,249.35,2.6,Industrial & Commercial Services,64
Willas-Array,BDR,0854.HK,344.228,3656.614,3.01,8.25,Technology Equipment,74
Wilmar Intl,F34,WLIL.SI,26169.729,90841.25,9.89,3.76,Food & Beverages,89
Wilton Resources,5F7,WILT.SI,44.114,,,,Mineral Resources,52
Wing Tai,W05,WTHS.SI,1373.494,524.585,75.88,1.73,Real Estate,86
Wong Fong Ind,1A1,WONG.SI,39.95,65.106,12.01,4.71,Industrial Goods,80
World Precision,B49,WPML.SI,140.857,263.633,9.53,7.25,Industrial Goods,49
XMH,BQF,XMHL.SI,16.032,68.753,11.94,,Industrial Goods,61
Y Ventures,1F1,YVEN.SI,8.57,42.139,,,Software & IT Services,69
Yamada Green Res,BJV,YAMR.SI,59.955,12.134,,,Food & Beverages,38
Yanlord Land,Z25,YNLG.SI,2101.86,7169.13,3.81,6.3,Real Estate,78
Yeo Hiap Seng,Y03,YHSS.SI,487.297,337.903,,2.42,Food & Beverages,86
YHI Intl,BPF,YHII.SI,143.225,444.718,6.72,7.35,Automobiles & Auto Parts,59
Ying Li Intl,5DM,YING.SI,132.791,47.093,,,Real Estate,69
Yoma Strategic,Z59,YOMA.SI,304.067,110.402,,,Real Estate,106
Yongmao,BKX,YNMH.SI,63.816,258.911,4.16,1.39,Industrial Goods,65
Yongnam,AXB,YNAM.SI,19.43,121.912,,,Industrial & Commercial Services,71
Yunnan Energy,T43,1298.HK,275.437,84.106,,,Technology Equipment,43
YuuZoo Networks,AFC,YUUZ.SI,30.361,15.733,,,Software & IT Services,-12
YZJ Fin Hldg,YF8,YANZ.SI,1549.89,,,,Banking & Investment Services,
YZJ Shipbldg CNY,SO7,,,,,,,
YZJ Shipbldg SGD,BS6,YAZG.SI,3532.264,3451.062,4.51,5.62,Industrial Goods,61
Zheneng Jinjiang,BWM,ZHEN.SI,551.801,,,,Renewable Energy,64
Zhongmin Baihui,5SR,ZBRG.SI,137.243,220.188,,2.86,Retailers,63
Zhongxin Fruit,5EG,ZHON.SI,25.298,26.89,3.57,,Food & Beverages,64
ZICO Hldgs,40W,ZICO.SI,26.983,21.65,91.19,,Banking & Investment Services,86